Model,Accuracy
Logistic Regression,0.6908904810644831
Random Forest,0.6786079836233367
